<?xml version="1.0" encoding="utf-8"?>
<?xml-stylesheet type="text/xsl" href="/styles/xsl_mac/style.xsl" ?>
<!DOCTYPE umicms [
	<!ENTITY nbsp "&#160;">
	<!ENTITY middot "&#183;">
	<!ENTITY reg "&#174;">
	<!ENTITY copy "&#169;">
	<!ENTITY raquo "&#187;">
	<!ENTITY laquo "&#171;">
]>
<umicms>
	<title><![CDATA[%title%]]></title>
	<header><![CDATA[%header%]]></header>

	<navibar>
%adm_navibar%
	</navibar>

	<menu>
%adm_menu%
	</menu>

	<langs>
%config lang_list()%
	</langs>


	<login>
%content%
	</login>

	<phrases>
%config lang_phrases()%
	</phrases>

	<module><![CDATA[%core curr_module()%]]></module>
	<pre_lang><![CDATA[%pre_lang%]]></pre_lang>
	<domain><![CDATA[%domain%]]></domain>
	<domain_floated><![CDATA[%domain_floated%]]></domain_floated>
	<versionLine><![CDATA[%current_version_line%]]>	</versionLine>

	<userInfo>
		<id><![CDATA[%current_user_id%]]></id>
		<login><![CDATA[%users get_user_info('%current_user_id%', '%login%')%]]></login>
		<firstName><![CDATA[%users get_user_info('%current_user_id%', '%first_name%')%]]></firstName>
		<lastName><![CDATA[%users get_user_info('%current_user_id%', '%last_name%')%]]></lastName>
		<middleName><![CDATA[%users get_user_info('%current_user_id%', '%father_name%')%]]></middleName>
	</userInfo>

	<help>
		%context_help%
	</help>
	
	<current-timestamp>%curr_time%</current-timestamp>
</umicms>